{"cameraMode":{"drawMode":0,"name":"Shaded","section":"Shading Mode"},"sceneLighting":true,"audioPlay":false,"sceneViewState":{"m_AlwaysRefresh":false,"showFog":true,"showSkybox":true,"showFlares":true,"showImageEffects":true,"showParticleSystems":true,"showVisualEffectGraphs":true,"m_FxEnabled":true},"in2DMode":false,"pivot":{"x":-0.47465184330940249,"y":1.2856900691986085,"z":-0.9850428700447083},"rotation":{"x":-0.020655475556850435,"y":0.96163010597229,"z":-0.07545512914657593,"w":-0.2630487382411957},"size":4.465034008026123,"orthographic":false}